Name,Maths,Science,English,Average,Total,Grade
Tofe,100,90,90,93.33333333333331,280,A+
Sean,101,90,90,93.66666666666669,281,A+
Ayomide,102,90,90,94.0,282,A+
